type,country,id,community
company,Nalakond,Spanish Shrimp  Carriers,1
organization,Unknown,185040354,6
organization,Unknown,4,6
organization,Unknown,860067396,1
organization,Unknown,664738735,1
location,Unknown,77b46bc7-7e31-41a0-973c-e633011d21b0,1
organization,Unknown,7,6
organization,Unknown,7,6
organization,Unknown,35,6
political_organization,Unknown,6406040,6
person,Country_271835,Jamie Knox,6
organization,Unknown,3506021,1
political_organization,Unknown,348079,1
political_organization,Unknown,78,1
organization,Unknown,300668979,1
organization,Unknown,2,11
organization,Unknown,5,5
organization,Unknown,7298083,6
organization,Unknown,9,11
person,Oceanus,Amanda Mckenzie,9
organization,Unknown,8698,8
person,Country_271835,Claire Russell,8
organization,Unknown,964,8
organization,Unknown,93873119,6
person,Country_271835,Jeremy Cordova,11
location,Unknown,602ea158-0519-47fc-badc-787721580418,11
organization,Unknown,551,1
organization,Unknown,380,1
location,Unknown,f20779bf-63b5-4ea4-bb5f-944bb9449bce,11
organization,Unknown,349,11
organization,Unknown,84616,11
location,Unknown,ee05a28e-82ba-4f1d-a60f-68797a422ada,1
organization,Unknown,83,1
Uncategorized,Unknown,âunregulatedâ,11
location,Unknown,3b728c8f-1eaa-4f16-8c63-d3bcffd437bb,3
organization,Unknown,2989,6
location,Unknown,df42b319-be6a-4a2e-b11d-c4da7ecfc01c,3
organization,Unknown,185106,3
organization,Unknown,26,11
organization,Unknown,860600018,9
organization,Unknown,435054320,3
vessel,Unknown,Cutter,3
Uncategorized,Unknown,Sept,5
person,Nalakond,John Gonzalez,9
organization,Unknown,9203,11
organization,Unknown,3878194,1
person,Country_271835,Amy Kent,1
Uncategorized,Unknown,Conventionâ,1
vessel,Unknown,water fishing,11
organization,Unknown,760079,11
organization,Unknown,3009706,11
location,Unknown,0f5fd4f9-1683-464e-9459-a4488de5064b,1
organization,Unknown,449308,6
organization,Unknown,200640636,1
person,Country_271835,Debbie Daniel,1
company,Country_628643,png xi  Line,11
organization,Unknown,7361,6
organization,Unknown,5848,1
location,Unknown,d5b94ebc-e03a-438e-872b-a15db349a748,11
person,Country_271835,Ashley Wiggins,11
organization,Unknown,737205,6
person,Country_271835,Clayton Rodgers,11
person,Country_271835,Randy Collins,11
person,Country_271835,Brandon Berger,11
organization,Unknown,4783,11
location,Unknown,e2816018-e01c-4eac-8dc5-e84aebc22cff,11
person,Country_271835,Vanessa Avila,11
organization,Unknown,529,11
organization,Unknown,47924922,8
political_organization,Unknown,12845006,8
organization,Unknown,9488645,8
person,Merigrad,Lauren Moore,6
Uncategorized,Unknown,âlocalâ,6
Uncategorized,Unknown,Leominster Provincetownâ,6
location,Unknown,371bf15a-3000-499a-88e4-cc096b028ec7,1
political_organization,Unknown,913428,1
person,Country_271835,Jason Davis,8
person,Country_271835,Kyle Stanton,11
organization,Unknown,47562016,1
organization,Unknown,672,5
company,Vesperlandia,Mar del Oeste Pic,11
organization,Unknown,8327,3
organization,Unknown,40213337,3
vessel,Unknown,cutters,3
vessel,Unknown,Coast,3
event,Unknown,Today,3
organization,Unknown,4146760,11
organization,Unknown,9786,1
person,Country_271835,Stephanie Garner,1
person,Country_271835,Jeremy Norris,3
vessel,Unknown,Ocean Tuna,6
organization,Unknown,262157542,6
organization,Unknown,46194,6
organization,Unknown,9204971,6
organization,Unknown,2230601,6
vessel,Unknown,Explorer,11
organization,Unknown,36295,1
person,Country_271835,Jeremiah Delacruz,1
event,Unknown,âsquids,1
event,Unknown,âclams,1
event,Unknown,Octopus,1
organization,Unknown,60253,1
organization,Unknown,13015105,1
event,Unknown,âSocioeconomic,1
person,Country_271835,Jeffrey Yates,11
organization,Unknown,1465792,11
organization,Unknown,657,11
organization,Unknown,760402,3
person,Country_271835,Tyler Brown,3
company,Country_271835,Cape of Good Hope  Oyj,11
organization,Unknown,874124852,11
location,Unknown,fc4e853f-6e18-4631-bf95-f70d6a30579f,8
location,Unknown,705283b0-cdb7-4f0a-8481-b3fea243a8e5,11
vessel,Unknown,Boat,3
person,Country_271835,Teresa Rivera,3
vessel,Unknown,salmon,11
person,Country_271835,George Ramirez,11
organization,Unknown,7320771,1
organization,Unknown,94760735,1
Uncategorized,Unknown,Aleut Community St,8
Uncategorized,Unknown,KanuuxÌ,8
location,Unknown,e8036bce-0679-41d2-aa7b-d444163ae65a,8
Uncategorized,Unknown,âSewardâs Follyâ,11
Uncategorized,Unknown,âAlaÄum KanuuxÌ,8
organization,Unknown,42603647,6
organization,Unknown,8544797,6
organization,Unknown,5070599,6
organization,Unknown,8966,6
organization,Unknown,39,6
vessel,Unknown,Plastic,1
location,Unknown,e53552bc-174b-4799-b96b-c23cfa0731cb,9
organization,Unknown,9166,9
organization,Unknown,48,3
location,Unknown,c14a3dc1-59d0-4b92-b9f3-331e51912787,5
organization,Unknown,505943,6
organization,Unknown,79538,9
person,Country_271835,Kevin Norton,9
Uncategorized,Unknown,âgreenâ,11
organization,Unknown,36,11
person,Country_271835,Amy Wise,5
political_organization,Unknown,40952,9
location,Unknown,52093e45-b873-4300-9612-8dfc291b1339,1
organization,Unknown,528,11
person,Country_271835,Hunter Wheeler,9
person,Country_271835,Christopher Miller,5
Uncategorized,Unknown,ipoa-iuu,1
location,Unknown,2ceda972-c633-4a88-bbe8-a4fe48cb5555,1
Uncategorized,Unknown,Torremolinos,1
Uncategorized,Unknown,International-Convention,1
Uncategorized,Unknown,imo,1
vessel,Unknown,Spy,11
person,Country_483478,Courtney Evans,9
Uncategorized,Unknown,Mexicoâs YucatÃ,9
person,Country_271835,Jerry Welch,9
location,Unknown,1196cfc8-175c-465b-aee9-fbf74c81aa49,9
movement,Unknown,days,5
location,Unknown,e678510b-947d-455a-8eb0-44d1009682ec,11
Uncategorized,Unknown,The Pew Charitable Trustsâ,11
location,Unknown,a0deebdf-db0c-4aa8-91b6-0536e017c20f,9
organization,Unknown,25125567,1
person,Country_542476,Thomas Morales,5
person,Country_271835,Morgan Black,8
person,Oceanus,Kristine Vaughn,9
organization,Unknown,1301719,11
person,Oceanus,Amanda Gibson,9
person,Country_271835,Carlos White,8
person,Country_271835,Robert Adams,11
person,Country_271835,Brandon Jackson,11
organization,Unknown,691192,8
organization,Unknown,243964,8
person,Country_271835,Melissa Spence,9
location,Unknown,e13aca6a-88b5-4be7-a293-4a57854d7b1d,9
person,Country_271835,Daniel Snyder,9
person,Country_271835,Allison Leonard,9
Uncategorized,Unknown,ââ,5
event,Unknown,âHe,9
organization,Unknown,314,1
organization,Unknown,979893388,5
person,Country_271835,Tammy Ryan,11
location,Unknown,e1d7b4ac-ed31-42a4-9375-4afb0f78f276,3
person,Country_271835,Mary Horton,3
vessel,Unknown,cutter James,3
location,Unknown,1da2bc5a-e590-41c9-9982-2ade48dfc426,1
organization,Unknown,842229565,6
person,Country_271835,Dylan Roberts,9
vessel,Unknown,Hang,9
organization,Unknown,41695239,11
organization,Unknown,489,11
vessel,Unknown,Oceans,1
location,Unknown,7c54563c-577c-462f-8e30-389b510c776a,11
event,Unknown,Morning,11
person,Country_271835,Jennifer Simmons,11
organization,Unknown,833355,11
organization,Unknown,613281364,11
organization,Unknown,801809,11
person,Country_271835,Angela Spencer,3
organization,Unknown,32416483,11
organization,Unknown,65,11
organization,Unknown,58745,11
organization,Unknown,61057213,1
organization,Unknown,653,1
organization,Unknown,678,11
organization,Unknown,6393,1
location,Unknown,34f0cbbf-83c3-4e09-ad7a-b94a778f7c12,11
person,Country_271835,Madison Edwards,5
person,Marebak,Calvin Salas,8
organization,Unknown,685607,9
person,Wysterion,Tristan Johnson,8
person,Country_271835,Andrew Gamble,11
organization,Unknown,492238508,1
person,Country_709784,Anita Tate,1
organization,Unknown,4447143,1
location,Unknown,36b70b18-465a-442f-bfbe-cedb85d48acc,11
organization,Unknown,13,11
vessel,Unknown,reefers,1
Uncategorized,Unknown,âencounteredâ,1
person,Country_271835,Kimberly Lara,9
person,Country_271835,Danielle Camacho,9
person,Country_271835,Mr. Justin Bailey MD,6
person,Country_271835,Jennifer Brown,11
person,Country_271835,John Barnes DDS,5
organization,Unknown,9590898,5
person,Arreciviento,Joshua Garrett,5
organization,Unknown,95230042,5
organization,Unknown,21240092,5
organization,Unknown,7234,5
person,Country_271835,Mary Jenkins,6
political_organization,Unknown,75835980,6
organization,Unknown,23774,6
person,Luminsia,Nicole Smith,6
organization,Unknown,9992346,6
organization,Unknown,227,6
person,Country_271835,Jennifer Reilly,5
person,Country_271835,Cynthia Byrd,9
person,Country_271835,Christopher Hernandez,8
organization,Unknown,58666504,5
person,Country_271835,Jennifer Frederick,5
organization,Unknown,70347729,5
organization,Unknown,116070050,11
location,Unknown,b47086b0-e225-436a-83b1-2cf5cda4dbd5,11
organization,Unknown,613465161,11
organization,Unknown,884648,5
organization,Unknown,90,5
organization,Unknown,353149780,5
organization,Unknown,2913,5
location,Unknown,88a1fe65-33d9-487a-a3ac-d4208f41b754,3
person,Country_271835,Jenna Barton,3
person,Country_271835,Jessica Owens,5
person,Country_271835,Daniel Wood,9
location,Unknown,88e9e7e8-3edf-4fd4-959d-8ec4f53e59d6,11
location,Unknown,f7a4114d-d1ca-44df-a7e0-c72e440671ba,1
organization,Unknown,6038,9
location,Unknown,f9f6fc72-83db-4c44-a818-dde6c33985f9,1
organization,Unknown,67909,1
location,Unknown,e09b64a2-397a-4bec-96a1-7d61479fe37a,11
organization,Unknown,1012,6
person,Country_271835,Kayla Reynolds,6
organization,Unknown,724,6
person,Country_271835,Alyssa Mccoy,11
person,Country_271835,James Hernandez,11
location,Unknown,1f899410-3447-48e7-bcb3-cbff10619e86,11
person,Country_271835,Barbara Mccarty,9
person,Country_271835,Christopher Simon,9
person,Country_271835,Lauren Jackson DDS,8
event,Unknown,ï¬shes,8
event,Unknown,ï¬sh,8
person,Country_990614,Darren Wilson,5
person,Country_271835,Andrew Miller,5
political_organization,Unknown,440994840,11
person,Country_271835,Krystal Lee,5
organization,Unknown,506986590,6
organization,Unknown,7321,6
organization,Unknown,647724,6
organization,Unknown,1214936,6
person,Country_271835,Philip Black,9
person,Country_271835,Laurie Clark,11
organization,Unknown,7548555,5
vessel,Unknown,ARA Contraalmirante Cordero,5
person,Country_271835,Elijah Gordon,8
organization,Unknown,461553,1
person,Oceanus,Rebecca Fox,11
person,Country_271835,Brandy Williams,5
location,Unknown,d6968538-6f18-4a1c-a4e2-59de3c0e25c2,5
person,Country_271835,Robert Vega,5
organization,Unknown,216,6
person,Oceanus,Frederick Hunter,3
location,Unknown,06c161ac-e601-493f-b8df-839382e16a74,11
person,Country_271835,Julie Parks,9
vessel,Unknown,USS Hurricane,6
vessel,Unknown,PC,6
person,Country_271835,Brandi White,11
person,Country_271835,Tara Hanson,1
person,Country_271835,Wesley Vasquez,1
person,Marebak,Anthony Le,9
person,Country_271835,Jo Francis,9
person,Country_271835,Stephanie Thompson,9
person,Country_271835,Michael Baker,11
person,Country_271835,Sabrina Zamora,9
person,Country_271835,Hannah Chandler,9
person,Country_271835,Dr. Michelle Dominguez,9
person,Oceanus,Patricia Bowen,8
person,Country_271835,Paul Holloway,8
person,Country_271835,Maria Russell,9
political_organization,Unknown,91,8
organization,Unknown,72875,1
person,Country_443882,Heidi Kline,3
organization,Unknown,863749817,3
organization,Unknown,475,3
organization,Unknown,567217,3
vessel,Unknown,Oliver,3
person,Country_271835,Amanda Becker,3
person,Country_271835,Jonathan Spence,11
person,Country_271835,Ann Flowers,11
organization,Unknown,60774,11
company,Country_271835,Fin Flair Pic Delivery,11
person,Marebak,Anna Smith,9
organization,Unknown,760219951,6
political_organization,Unknown,36744944,5
location,Unknown,6b58646e-1d3a-4b72-b8a0-9f57c296d73d,11
organization,Unknown,9280,11
location,Unknown,cc6cf3e0-5794-4497-a31d-79b4db1b55a9,11
location,Unknown,b636c0f8-2ddf-42ad-9f9c-73bd48682561,3
Uncategorized,Unknown,âtransshipmentâ,1
person,Marebak,Brooke Garza,1
vessel,Unknown,Feng,1
organization,Unknown,5235138,11
person,Country_271835,Samuel Stokes,8
person,Oceanus,Marcus English,1
person,Country_271835,Hannah Taylor,9
person,Country_271835,Monique Rios,8
event,Unknown,yearsâthat,6
political_organization,Unknown,950574,6
Uncategorized,Unknown,Pacific Island States United Statesâ,6
Uncategorized,Unknown,territory American Samoa,6
location,Unknown,62d4bdbc-8978-4cbf-b9ea-82aaa9188c91,11
organization,Unknown,7892,6
organization,Unknown,8513,11
organization,Unknown,1415,1
organization,Unknown,3433,1
person,Country_271835,Kara Sullivan,1
person,Country_271835,Shawna Welch,5
organization,Unknown,89526932,3
vessel,Unknown,boatâs,8
location,Unknown,c66f5cd5-3891-43ce-a3f8-0147b3d643b1,11
location,Unknown,032522db-8105-4c26-8142-ae9d5806f7c5,11
organization,Unknown,245658,1
organization,Unknown,552027385,1
Uncategorized,Unknown,âconservativeâ,1
person,Country_271835,Robin Fernandez,6
person,Country_271835,Diana Kelley,11
person,Country_271835,Miranda Small,11
person,Country_271835,Stacey Ortega,1
location,Unknown,da7677f8-d1f0-4e35-afe9-4240613e866b,3
organization,Unknown,48115,3
person,Mawazam,Rhonda Sullivan,3
person,Country_216139,Adam Gutierrez,11
person,Country_271835,Gregory Carter,11
person,Country_271835,Martin Bryant,11
organization,Unknown,903311212,11
location,Unknown,1710a32e-7a58-4d7f-9c5e-bf897b7419a3,11
person,Country_271835,Daniel Shaffer,11
person,Country_913963,Wendy Crane,3
person,Oceanus,Richard Bowers,9
person,Country_271835,Joshua Hammond,9
person,Country_230197,Samuel Cross,11
Uncategorized,Unknown,DECEUNINCK,11
person,Oceanus,Rhonda Price,11
location,Unknown,e941d006-6590-4143-9d0d-12926b0b6f5c,3
person,Country_271835,Tyler Blanchard,3
location,Unknown,e0cdfc51-7473-481d-8900-03f66d6e359e,8
person,Country_271835,Ricardo Gomez,8
organization,Unknown,75471,8
movement,Unknown,14 months,8
event,Unknown,âcatch,1
event,Unknown,âtotal,1
Uncategorized,Unknown,âMoby-Dickâ,8
location,Unknown,04eab3c4-ed99-467b-8844-b5279a6b955e,11
person,Country_271835,Amanda Santana,8
person,Country_271835,Dana Macias,8
person,Country_271835,Helen Chase,9
person,Country_271835,Candace Burnett,9
organization,Unknown,34153143,8
Uncategorized,Unknown,âTheoretically,8
person,Uzilandor,Jonathan Torres,8
person,Country_271835,Gary Dunn,8
organization,Unknown,721436,8
person,Country_271835,Brittany Frey,8
person,Country_271835,Brett Williams,8
person,Country_271835,Linda Holden,8
person,Country_271835,Donna Romero,8
person,Country_271835,Amanda Garcia,8
vessel,Unknown,bottom otter trawler,11
organization,Unknown,1559,6
location,Unknown,da91eeb8-11f7-4634-95e7-f9413e9957aa,11
organization,Unknown,779,6
organization,Unknown,762165,8
organization,Unknown,428,6
Uncategorized,Unknown,FlodstrÃ,11
organization,Unknown,449820,5
organization,Unknown,6406914,5
person,Country_271835,Madeline Collins,11
person,Country_271835,Brittany Brewer,11
Uncategorized,Unknown,allAfrica,1
organization,Unknown,900338,1
organization,Unknown,665912557,5
person,Country_271835,Danielle Perry,3
person,Country_271835,Laurie Mclaughlin,11
event,Unknown,morningâs,9
person,Country_271835,Anna Thomas MD,9
person,Oceanus,Michele Black,9
person,Oceanus,Matthew White,8
Uncategorized,Unknown,Â£800,9
person,Country_699698,Tonya Key,9
person,Country_271835,Sara Waller,5
person,Country_271835,Daniel Middleton,1
location,Unknown,813be272-d3de-43c9-90be-ab14231fcf17,9
event,Unknown,âSay,9
person,Country_271835,Stacey Ortiz,9
person,Oceanus,Scott Simpson,9
person,Country_271835,Loretta Harrington,9
organization,Unknown,203,9
organization,Unknown,99661834,6
organization,Unknown,55394387,8
location,Unknown,950ce1a6-a178-4e3e-9316-91ab7ca88664,11
person,Country_271835,Hannah Brown,8
person,Country_271835,Bobby Walker,8
political_organization,Unknown,221942,9
location,Unknown,0d1c7ce3-7243-47c0-9280-a3262b52dc0f,8
organization,Unknown,327277616,9
organization,Unknown,637608,9
person,Country_271835,Benjamin Barton,9
organization,Unknown,5337,9
vessel,Unknown,underwater,11
Uncategorized,Unknown,waterâ,11
person,Country_271835,Mrs. Katrina Williams,11
organization,Unknown,13249468,3
vessel,Unknown,Aine,11
Uncategorized,Unknown,intrafish,1
Uncategorized,Unknown,choicesmagazine,9
person,Country_271835,Blake Smith,5
organization,Unknown,42990314,5
Uncategorized,Unknown,âpoachedâ,11
Uncategorized,Unknown,krxd,11
vessel,Unknown,operated vehicle,11
person,Country_271835,Robert Goodman,9
vessel,Unknown,Snow Crab,11
person,Country_271835,Carol Wade,11
person,Islavaria,Dana Knapp,11
person,Country_271835,Jeanette Kim,5
company,Country_322527,Diao yu bi sai Tidal BV Export,11
person,Oceanus,Patricia Flores,11
person,Country_271835,Lisa Castaneda,9
person,Country_271835,Christina Abbott,9
organization,Unknown,4657860,5
person,Country_271835,Lauren Garner,11
organization,Unknown,806,11
company,Country_271835,Madhya Pradesh Market Pic Transportation,9
organization,Unknown,3308429,5
person,Country_712875,Wendy Miller,5
person,Country_996415,Danielle Sosa,6
person,Country_271835,James Carr,6
person,Country_271835,Daniel Burton,6
person,Country_271835,Jerry Miller,6
political_organization,Unknown,838200939,9
person,Country_271835,Jennifer Washington,6
person,Country_271835,Peter Bush,6
person,Country_57382,Justin Fowler,6
organization,Unknown,120,6
organization,Unknown,2422788,6
Uncategorized,Unknown,MCDP,6
location,Unknown,c97073d1-61a4-4a06-a189-8b4642a699e1,6
political_organization,Unknown,66,6
organization,Unknown,6204,11
location,Unknown,96c31987-d50d-4680-9397-2a9d0e3946e1,3
vessel,Unknown,sailboat Freeport,3
vessel,Unknown,Perch,11
person,Country_271835,Ariel Thornton,11
person,Country_271835,George Vance,11
vessel,Unknown,CraftâLaw,3
vessel,Unknown,Ocean Patrol,5
vessel,Unknown,ARA Bouchard,5
person,Country_271835,Kristin Dawson,9
organization,Unknown,3342,3
organization,Unknown,354,3
Uncategorized,Unknown,âElquiâ,3
person,Country_271835,Lindsey Conway,11
person,Country_271835,Ryan Perez,3
location,Unknown,dd3f2822-2964-4d18-92c2-7a6db4b4a9e5,3
organization,Unknown,6567453,3
organization,Unknown,4086,11
location,Unknown,a0ea93dc-6767-4682-b424-21b5a24ea24b,11
movement,Unknown,ninety,5
event,Unknown,90,5
organization,Unknown,822596165,5
organization,Unknown,5421,5
company,Country_271835,Pez Dorado BV Logistics,5
location,Unknown,019d89a8-36be-4402-bf3c-d13cb982cf3f,5
location,Unknown,6f59e8d7-8f5d-4a7d-a3a4-50ddcb7ad9ad,5
person,Country_271835,Darin Torres,1
person,Country_271835,Kevin Morris,1
organization,Unknown,9237588,11
person,Country_271835,William Murray,11
company,Country_271835,Punjab Market Marine sanctuary ship,11
location,Unknown,5025f249-0b3c-4741-a7aa-090d93395acf,11
location,Unknown,111274e2-c155-4640-9a8e-f506f3fbca06,11
location,Unknown,aac2c35c-d06d-45df-a1f8-a0c4001f3897,11
person,Country_271835,James Horton,11
person,Country_271835,Brian Hansen,8
person,Country_271835,Michelle Jackson,11
political_organization,Unknown,17592,5
location,Unknown,5d1f2e9c-f74a-41e9-974f-9b4e57edc9d7,5
person,Country_271835,Katherine Chavez,11
person,Country_271835,Stephen Marks,11
person,Country_271835,Michelle Long,11
Uncategorized,Unknown,âlaughableâ,8
organization,Unknown,299,8
person,Country_271835,Jennifer Barber,8
person,Country_271835,Ryan Hudson,8
person,Country_271835,John Avila,11
organization,Unknown,2362,11
company,Country_271835,Simien Mountains  Company Delivery,11
organization,Unknown,519852438,8
Uncategorized,Unknown,âlegitimateâ,8
person,Country_271835,William Kim,8
person,Country_271835,Jeffrey Strong,5
person,Country_271835,Susan Williams,5
organization,Unknown,432526990,8
person,Country_271835,Kathryn Gomez,8
organization,Unknown,463,9
event,Unknown,âbelieve,8
person,Country_271835,Dr. Daniel Massey,8
event,Unknown,âWhatâs,8
person,Country_271835,Kathleen Benitez,9
Uncategorized,Unknown,Easterlingsâ,8
person,Country_271835,Seth Peters,8
location,Unknown,8851578d-3dd7-4430-8f73-b95305eb1f03,3
political_organization,Unknown,8634589,5
organization,Unknown,7260903,5
company,Country_271835,su y CJSC Canal,5
location,Unknown,cc3c9a3e-9226-43e0-9c2e-2cabec77b0fc,11
person,Country_247330,Barry Harris,9
person,Country_271835,Philip Murphy,9
political_organization,Unknown,9345,9
person,Polarisdom,Jon White,9
person,Country_614826,Emily Kennedy,9
person,Country_271835,Kevin Burnett,9
organization,Unknown,218148,9
person,Country_271835,Rebecca Walker,9
location,Unknown,decfc924-5bdc-4fba-8bbd-bb57d8d478d9,9
person,Polarisdom,Amanda Scott,9
Uncategorized,Unknown,22 Raptor,9
company,Polarisdom,Estrella del Mar Inc Merchants,9
person,Country_271835,Gerald Washington,9
person,Country_271835,Jessica Kelly,9
organization,Unknown,60017,9
person,Country_271835,Scott Johnson,5
person,Country_271835,Melissa Bates,9
person,Country_271835,Sylvia Johnson,11
location,Unknown,7ed038cd-64da-492f-a338-5c4636b91a2b,11
organization,Unknown,80774,11
person,Country_271835,Seth Kelley,5
person,Country_271835,Wanda Collins,11
location,Unknown,6d0e9c69-47a0-497e-b26e-28755c949385,11
organization,Unknown,5362,8
person,Country_271835,Dr. Christina Jensen DDS,3
person,Country_271835,Lindsey Barr,11
Uncategorized,Unknown,Filkinsâ,11
organization,Unknown,43223,11
organization,Unknown,765078,9
organization,Unknown,172279392,9
person,Country_271835,Amanda Rogers,3
organization,Unknown,4852,3
vessel,Unknown,electric cars,11
location,Unknown,b8649055-5b40-43e1-ba33-93182cf978d4,11
location,Unknown,1bf22b98-519c-4131-8bb4-53ecdd193100,11
organization,Unknown,8503254,8
person,Country_271835,Randall Newman,11
person,Country_271835,Austin Simpson,5
location,Unknown,b1d6e468-f3c5-45f3-90a2-e76b2f329b2d,5
person,Country_271835,Grace Perez,5
person,Country_271835,Travis Rivera,5
person,Country_271835,Larry Morrow,5
person,Country_271835,Tammy Martin,5
political_organization,Unknown,436460757,5
Uncategorized,Unknown,brianbushard,5
Uncategorized,Unknown,siladityaray,5
person,Country_271835,Jeremy Woodard,5
organization,Unknown,8302,5
political_organization,Unknown,6352,5
person,Country_271835,Paul Wiley,5
person,Country_271835,Miranda Long,5
person,Country_271835,Michelle Kelley,5
person,Country_271835,Marvin Everett,5
person,Country_271835,Joseph Williams,5
political_organization,Unknown,176,5
person,Country_271835,Scott Anderson,5
Uncategorized,Unknown,âenticedâ,5
person,Country_271835,Kristen Martin,11
Uncategorized,Unknown,âPartnersâ,11
organization,Unknown,3657479,11
Uncategorized,Unknown,The Defendantsâ,11
location,Unknown,86ac9e66-f9e8-4f2b-ad17-39a52c23288c,11
location,Unknown,6ffd3349-37f4-48c5-bc9a-1b80e722e939,5
company,Country_271835,Danish Lobster Limited Liability Company Brothers,11
organization,Unknown,352,11
movement,Unknown,In month,11
person,Country_271835,Candice Brown,11
person,Country_271835,Vincent Cummings,11
organization,Unknown,400,9
organization,Unknown,2430986,9
Uncategorized,Unknown,Hardwoodsâ,11
location,Unknown,f64e747e-13de-4628-b939-92a8ff4eb03f,1
person,Country_244549,Julie Callahan,5
location,Unknown,68ac10aa-80a3-4b3c-99e5-f5708715ab2c,5
person,Country_271835,Christopher Benitez,11
Uncategorized,Unknown,Pitâ,1
person,Country_271835,David Romero,11
person,Country_271835,Elizabeth Armstrong,8
person,Country_271835,Melissa Brock,8
company,Country_271835,Sudd Swamp  Wave AS Freight ,5
person,Country_271835,Sergio Ross,1
Uncategorized,Unknown,Plattsâ,1
person,Country_271835,Patricia Hunter,1
vessel,Unknown,Deepwater Horizon,1
organization,Unknown,455617,1
organization,Unknown,39033859,6
organization,Unknown,62532,6
organization,Unknown,649009867,6
person,Country_271835,Robert Rodriguez,11
vessel,Unknown,Bulk Carrier,11
location,Unknown,b400d237-4d56-4de8-917a-8e7654ccf315,11
location,Unknown,cd7cb49f-0021-4fe9-a3a9-cc8b3fce0c57,11
person,Country_271835,Andrew Harrison,3
organization,Unknown,18403617,5
person,Country_271835,Bryan King,11
person,Country_271835,Manuel Hess,11
person,Rio Isla,Tom Bauer,9
vessel,Unknown,Motor Vessel,11
organization,Unknown,24996,11
organization,Unknown,90411963,11
location,Unknown,114d2882-b620-4098-bb56-d865bbb85339,1
person,Country_271835,Christopher Moore,1
organization,Unknown,28890617,3
organization,Unknown,14636,11
event,Unknown,Storm,11
person,Country_271835,Diane Forbes,5
person,Country_271835,Dawn Robinson,5
person,Country_271835,Nathaniel Shah,11
person,Country_271835,Stephen Peterson,11
person,Country_271835,Eric Roman,9
company,Oceanus,hi xng BV Carriers,11
person,Country_271835,Martin Jones,11
person,Country_271835,Chad Ruiz,11
organization,Unknown,687878,11
organization,Unknown,368951,11
location,Unknown,c0ce6d15-622b-42a3-b892-f5efe5b4d00c,11
location,Unknown,a086a63d-19c7-4241-845a-f82c628d09a2,11
person,Country_271835,Brett Lee,11
person,Country_271835,Noah Mitchell,11
location,Unknown,037acfda-0d33-4ce8-8907-fe7da3e27dff,11
Uncategorized,Unknown,âexemplaryâ,11
organization,Unknown,6071877,9
location,Unknown,93ac5fec-5f52-4431-a3ff-91430a8062f6,9
person,Country_271835,Matthew Anderson,9
location,Unknown,332bb88e-0a63-41e3-8a27-87795fd552e9,11
event,Unknown,course years,11
organization,Unknown,440,8
location,Unknown,4294544a-9643-4cfd-97a0-ac656cb17e60,8
person,Country_271835,Hannah Ray,11
person,Country_271835,Nicholas King,11
organization,Unknown,214883455,8
location,Unknown,e69d4cb2-8bec-4496-8518-7426c6b9da65,6
company,Country_271835,Kagera River  GmbH & Co. KG Delivery,8
organization,Unknown,313441257,11
organization,Unknown,715490,8
person,Country_271835,Terri Rodriguez,11
political_organization,Unknown,73470062,11
person,Country_271835,Kenneth Fox,11
Uncategorized,Unknown,âshabuâ,3
person,Country_271835,Rebecca Coleman,3
organization,Unknown,868626239,3
organization,Unknown,573756802,3
person,Country_271835,Margaret Hodges,11
organization,Unknown,613556,5
organization,Unknown,979294,11
organization,Unknown,5246016,11
organization,Unknown,64667049,11
person,Country_271835,Travis Sparks,6
person,Country_271835,Deborah Porter DDS,6
Uncategorized,Unknown,âshark finâ,11
location,Unknown,bc507d7c-29c9-4b0d-909e-52dd450a25d3,11
person,Country_271835,Cody Lewis,11
Uncategorized,Unknown,13d79d632036,5
person,Country_271835,Susan Mendoza,6
person,Country_271835,Laura Smith,11
Uncategorized,Unknown,2038650116,5
Uncategorized,Unknown,sectors sectors 2033,8
person,Country_271835,Kelly Mccarthy,9
location,Unknown,3eed159b-e98e-4f8a-98c2-c34341435411,3
person,Country_271835,Curtis Grant,11
person,Country_271835,Lindsay Bennett,11
location,Unknown,f514483d-fb5f-4cb2-bb8d-b616b10336d8,1
location,Unknown,165e0fe7-6725-4f4c-abc1-3ef485a939b0,11
organization,Unknown,FishEye International,3
Uncategorized,Unknown,Ancla Azul Company Solutions,9
Uncategorized,Unknown,âpair,1
Uncategorized,Unknown,Guessl,1
Uncategorized,Unknown,Federated,1
Uncategorized,Unknown,FinestSea Ltd. Corporation Enterprises,1
Uncategorized,Unknown,Playa de la Felicidad Oyj Cargo,1
Uncategorized,Unknown,l y S.A. de C.V. International,1
Uncategorized,Unknown,SeaSpray Wave SRL Solutions,11
Uncategorized,Unknown,Ocean Fisheries Llc,11
Uncategorized,Unknown,Fisherman'sFriend Charter Boat S.A. de C.V. Freight ,3
Uncategorized,Unknown,Faurtil FÃ¡brica Urnas TietÃª,11
Uncategorized,Unknown,Fish Sea,1
Uncategorized,Unknown,Sea Products,1
Uncategorized,Unknown,Ex-Lax,6
Uncategorized,Unknown,Fishisland,6
Uncategorized,Unknown,âGenev,3
Uncategorized,Unknown,Oceanfront Oasis Inc Carriers,3
Uncategorized,Unknown,Qingdao Kaiyuan Seafoods,1
Uncategorized,Unknown,Platts Oilgram,1
Uncategorized,Unknown,Kerala Market Corp Consulting,1
Uncategorized,Unknown,Mar de la Vida OJSC,9
Uncategorized,Unknown,West Bengal S.A. de C.V.,11
Uncategorized,Unknown,Seafood,11
Uncategorized,Unknown,Fisheries Inc,6
Uncategorized,Unknown,Getis-Ord,1
Uncategorized,Unknown,Bergmanâs,9
Uncategorized,Unknown,Conduct Joint,3
Uncategorized,Unknown,âTrials,11
Uncategorized,Unknown,BPâs,11
Uncategorized,Unknown,Shellfish Chile SA,11
Uncategorized,Unknown,Mar de Cristalino Co,11
Uncategorized,Unknown,SaltwaterSavor Shipyard LC Merchants,11
Uncategorized,Unknown,sh rn y Corporation,5
Uncategorized,Unknown,Petroleum Vapor Intrusion,6
Uncategorized,Unknown,The Salty Dog Tidepool Kga Transport,8
Uncategorized,Unknown,Stock SA,11
Uncategorized,Unknown,Aqua Ambassadors Limited Liability Company,8
Uncategorized,Unknown,Sea Luxe Oceanography Kga Transportation,8
Uncategorized,Unknown,Blue Water Ventures Kga,11
Uncategorized,Unknown,Bloomberg Law,11
Uncategorized,Unknown,âCinder,1
Uncategorized,Unknown,Kariba Dam  N.V. Brothers,1
Uncategorized,Unknown,Tuna Vietnam,1
Uncategorized,Unknown,Marine Foods,6
Uncategorized,Unknown,3 Ltd. Liability Co,1
Uncategorized,Unknown,Hudsons Bay,8
Uncategorized,Unknown,STL,11
Uncategorized,Unknown,Jharkhand s GmbH & Co. KG,11
Uncategorized,Unknown,Phillips,11
Uncategorized,Unknown,Rose,11
Uncategorized,Unknown,Savaneta Corporation Marine life,9
Uncategorized,Unknown,Michael Limited Liability Company,11
Uncategorized,Unknown,Irtysh - Inc Distribution,8
Uncategorized,Unknown,âUS,1
Uncategorized,Unknown,Orange River  AS Logistics,11
Uncategorized,Unknown,Uber Connect,11
Uncategorized,Unknown,One Hongn,11
Uncategorized,Unknown,Himachal Pradesh Aquatic Plc Brothers,8
Uncategorized,Unknown,Kores De Venezuela C A,9
Uncategorized,Unknown,Faroe Islands Plc Investment,11
Uncategorized,Unknown,Logistics,3
Uncategorized,Unknown,Dispenseroo,11
Uncategorized,Unknown,80 Percent Arms,8
Uncategorized,Unknown,CM Nationali,8
Uncategorized,Unknown,MV,5
Uncategorized,Unknown,Ronald,3
Uncategorized,Unknown,C Express,3
Uncategorized,Unknown,IndÃºstria Madeireira Uliana,11
Uncategorized,Unknown,Malabar Sea Catch Sp,5
